timestamp,price,price_change,label
2025-02-04 14:03:57.983,99132.60917545018,0.0,0
2025-02-04 15:03:55.742,100160.09279025279,1027.483614802608,1
2025-02-04 16:04:10.533,99503.28222371545,-656.8105665373441,0
2025-02-04 17:01:34.919,99207.7117070122,-295.5705167032429,0
2025-02-04 18:04:06.155,99243.8917964687,36.1800894564949,1
2025-02-04 19:04:02.973,99359.35824162222,115.46644515352091,1
2025-02-04 20:04:02.905,98860.42539595038,-498.9328456718358,0
2025-02-04 21:08:44.686,97972.8075370943,-887.617858856087,0
2025-02-04 22:04:10.694,96386.5143187413,-1586.293218352992,0
2025-02-04 23:01:55.641,97690.61739242118,1304.1030736798712,1
2025-02-05 00:03:56.312,97888.30731950274,197.68992708156293,1
2025-02-05 01:03:57.514,98360.40524167611,472.09792217337235,1
2025-02-05 02:02:52.157,97742.4722066188,-617.9330350573146,0
2025-02-05 03:03:34.380,98029.77668903438,287.3044824155804,1
2025-02-05 04:00:06.424,98006.5293424413,-23.247346593081602,0
2025-02-05 05:04:09.895,98094.7373713875,88.20802894620283,1
2025-02-05 06:03:38.079,98200.71650096471,105.97912957721564,1
2025-02-05 07:03:50.074,97513.92279729006,-686.7937036746589,0
2025-02-05 08:03:50.441,97904.93450676241,391.0117094723537,1
2025-02-05 09:03:58.345,97656.24528073946,-248.6892260229506,0
2025-02-05 10:03:50.353,97450.19613346204,-206.0491472774156,0
2025-02-05 11:03:52.815,97759.8831753512,309.6870418891631,1
2025-02-05 12:01:03.860,98193.32303841642,433.439863065214,1
2025-02-05 13:02:35.879,98045.78183003876,-147.54120837766095,0
2025-02-05 14:04:13.296,98611.46674060835,565.6849105695874,1
2025-02-05 15:03:15.819,98351.26868548083,-260.1980551275192,0
2025-02-05 16:01:49.250,98192.99346867306,-158.27521680777136,0
2025-02-05 17:03:47.273,98044.92329209218,-148.07017658087716,0
2025-02-05 18:04:04.941,97736.3008613856,-308.6224307065859,0
2025-02-05 19:04:09.173,96709.7362968561,-1026.5645645294862,0
2025-02-05 20:02:38.875,97377.74729659544,668.0109997393301,1
2025-02-05 21:04:00.438,97326.90138999239,-50.845906603048206,0
2025-02-05 22:04:10.280,96870.39922901063,-456.50216098176315,0
2025-02-05 23:03:48.268,96439.88149814382,-430.51773086680623,0
2025-02-06 00:03:59.513,96613.00809483857,173.12659669475397,1
2025-02-06 01:03:45.864,96839.96420150516,226.95610666659195,1
2025-02-06 02:04:01.898,97130.53973144067,290.5755299355078,1
2025-02-06 03:00:24.898,97355.35589817187,224.81616673119424,1
2025-02-06 04:04:11.043,97355.40414806851,0.04824989664484747,1
2025-02-06 05:03:40.870,97643.75264902429,288.3485009557771,1
2025-02-06 06:08:28.951,97775.60672474427,131.85407571998076,1
2025-02-06 07:04:11.555,98402.46047835614,626.8537536118674,1
2025-02-06 08:00:08.101,98232.29586759426,-170.1646107618726,0
2025-02-06 09:08:32.486,98211.45992465959,-20.835942934674677,0
2025-02-06 10:03:55.136,98692.44773552474,480.98781086514646,1
2025-02-06 11:04:02.195,98975.0605619712,282.61282644646417,1
2025-02-06 12:01:57.109,98901.87439582883,-73.18616614237544,0
2025-02-06 13:01:52.501,98359.249482822,-542.6249130068318,0
2025-02-06 14:08:31.052,98548.2185810839,188.96909826190677,1
2025-02-06 15:01:09.316,97920.76851950152,-627.4500615823781,0
2025-02-06 16:02:47.492,97232.86007013674,-687.9084493647824,0
2025-02-06 17:03:43.384,96581.82206855995,-651.0380015767878,0
2025-02-06 18:04:00.401,96720.71725520355,138.8951866435964,1
2025-02-06 19:02:56.212,96340.12998876366,-380.5872664398921,0
2025-02-06 20:04:01.843,95967.15004023662,-372.97994852703414,0
2025-02-06 21:03:56.060,96900.66888552891,933.5188452922885,1
2025-02-06 22:01:12.092,96784.5850446752,-116.08384085370926,0
2025-02-06 23:04:09.795,96928.85157608312,144.2665314079204,1
2025-02-07 00:03:51.765,96567.63486519158,-361.2167108915455,0
2025-02-07 01:08:28.742,96656.38389228036,88.74902708877926,1
2025-02-07 02:04:10.825,97463.82094798237,807.4370557020156,1
2025-02-07 03:04:01.886,97585.5765251919,121.75557720952202,1
2025-02-07 04:03:58.031,97442.04681675724,-143.529708434653,0
2025-02-07 05:03:41.061,97459.12539682529,17.078580068045994,1
2025-02-07 06:01:37.655,97354.27325739387,-104.85213943141571,0
2025-02-07 07:00:26.442,96876.89154634211,-477.3817110517557,0
2025-02-07 08:03:51.391,96765.55824275386,-111.33330358825333,0
2025-02-07 09:04:09.234,97129.2131679456,363.65492519174586,1
2025-02-07 10:03:50.207,97337.03098963221,207.8178216866072,1
2025-02-07 11:03:34.511,97316.41651615771,-20.61447347450303,0
2025-02-07 12:00:56.631,97760.09397417755,443.67745801983983,1
2025-02-07 13:03:55.385,98006.31102408515,246.2170499076019,1
2025-02-07 14:03:06.155,98873.42490634344,867.113882258287,1
2025-02-07 15:03:09.508,99606.01843437883,732.5935280353879,1
2025-02-07 16:04:13.816,98081.80812585702,-1524.2103085218114,0
2025-02-07 17:03:52.752,97880.47132241819,-201.33680343882588,0
2025-02-07 18:04:23.151,97416.13593512993,-464.33538728825806,0
2025-02-07 19:04:05.117,97758.33738706807,342.2014519381337,1
2025-02-07 20:04:14.604,96896.28982042264,-862.0475666454295,0
2025-02-07 21:03:42.904,95746.87395405429,-1149.4158663683484,0
2025-02-07 22:03:50.336,96040.13865031378,293.2646962594881,1
2025-02-07 23:04:02.331,96108.29568062663,68.15703031285375,1
2025-02-08 00:04:04.306,96558.4563096667,450.16062904006685,1
2025-02-08 01:04:16.292,96670.89656751913,112.44025785243139,1
2025-02-08 02:04:15.147,96548.21819135682,-122.67837616230827,0
2025-02-08 03:03:44.400,96786.35922159553,238.14103023870848,1
2025-02-08 04:03:45.095,96713.24797153489,-73.11125006063958,0
2025-02-08 05:04:11.997,96320.34813679579,-392.8998347391025,0
2025-02-08 06:04:06.448,96154.76117032336,-165.5869664724305,0
2025-02-08 07:03:49.795,95952.52432602612,-202.23684429723653,0
2025-02-08 08:04:00.625,96223.7407871112,271.2164610850741,1
2025-02-08 09:03:47.457,95905.61306579997,-318.1277213112189,0
2025-02-08 10:02:34.123,96095.3786132481,189.76554744812893,1
2025-02-08 11:03:43.068,96039.32910256689,-56.04951068121591,0
2025-02-08 12:04:08.355,96003.7579365969,-35.571165969988215,0
2025-02-08 13:08:45.465,96087.21179559056,83.45385899365647,1
2025-02-08 14:03:52.395,96218.75936833651,131.54757274595613,1
2025-02-08 15:03:56.703,96072.01389415626,-146.7454741802503,0
2025-02-08 16:03:51.360,95836.79513855922,-235.21875559704495,0
2025-02-08 17:04:08.165,96168.08067753738,331.28553897816164,1
2025-02-08 18:03:56.480,96355.02099871126,186.9403211738827,1
2025-02-08 19:04:24.996,96518.94915955854,163.9281608472811,1
2025-02-08 20:04:01.049,96645.85029878837,126.9011392298271,1
2025-02-08 21:04:11.842,96484.13257174032,-161.71772704804607,0
2025-02-08 22:03:47.816,96501.1504913647,17.017919624369824,1
2025-02-08 23:03:50.607,96487.0543625433,-14.096128821387538,0
2025-02-09 00:04:17.343,96454.44602149501,-32.60834104829701,0
2025-02-09 01:03:49.419,96569.42155748123,114.97553598621744,1
2025-02-09 02:03:48.177,97011.60027792904,442.1787204478169,1
2025-02-09 03:03:53.688,96779.30602990102,-232.29424802801805,0
2025-02-09 04:08:40.312,97259.00138784561,479.6953579445835,1
2025-02-09 05:03:52.099,97267.4076648532,8.406277007597964,1
2025-02-09 06:03:57.204,97046.2789388488,-221.1287260044046,0
2025-02-09 07:03:49.412,97028.92076912236,-17.35816972644534,0
2025-02-09 08:04:08.033,97117.2428080168,88.32203889444645,1
2025-02-09 09:03:52.948,97108.03391440804,-9.20889360876754,0
2025-02-09 10:03:54.094,96890.28323028823,-217.75068411980465,0
2025-02-09 11:03:57.408,96808.57964192933,-81.70358835889783,0
2025-02-09 12:05:50.891,96603.27364795694,-205.30599397238984,0
2025-02-09 13:03:52.621,96550.38390104315,-52.88974691378826,0
2025-02-09 14:03:56.421,95906.49171654721,-643.8921844959405,0
2025-02-09 15:04:06.468,96162.13377205859,255.64205551137275,1
2025-02-09 16:01:09.843,96498.54652003417,336.41274797558435,1
2025-02-09 17:04:12.396,96458.06093493411,-40.485585100061144,0
2025-02-09 18:08:51.218,96125.10211989976,-332.95881503434794,0
2025-02-09 19:08:46.829,96218.25827497702,93.15615507726034,1
2025-02-09 20:03:51.775,96096.82739593633,-121.43087904069398,0
2025-02-09 21:03:53.818,96325.2632461819,228.4358502455725,1
2025-02-09 22:03:52.847,95340.48294665758,-984.7802995243255,0
2025-02-09 23:03:03.213,95841.1801230943,500.697176436719,1
2025-02-10 00:04:12.806,96519.99549282841,678.8153697341186,1
2025-02-10 01:04:09.496,96766.93559529584,246.94010246742982,1
2025-02-10 02:03:44.925,95524.22026320195,-1242.715332093896,0
2025-02-10 03:00:37.956,95821.87762306974,297.6573598677933,1
2025-02-10 04:03:41.360,96805.44643078477,983.5688077150262,1
2025-02-10 05:04:20.006,96961.36839920148,155.9219684167183,1
2025-02-10 06:02:42.650,97071.92621073166,110.55781153017597,1
2025-02-10 07:04:15.757,97151.54613521088,79.61992447922239,1
2025-02-10 08:07:13.748,97464.14633368152,312.60019847063813,1
2025-02-10 09:03:47.056,97701.28028726348,237.13395358195703,1
2025-02-10 10:01:24.403,97510.84742833716,-190.43285892631684,0
2025-02-10 11:04:29.824,97730.66462298081,219.8171946436487,1
2025-02-10 12:04:12.943,97731.48183582605,0.8172128452424658,1
2025-02-10 13:04:00.182,97403.90940767614,-327.5724281499133,0
2025-02-10 14:04:27.572,98334.08502172824,930.1756140521029,1
2025-02-10 15:04:07.909,97346.47301436782,-987.6120073604252,0
2025-02-10 16:03:57.314,97251.75237452232,-94.72063984550186,0
2025-02-10 17:04:17.780,97303.13910111328,51.38672659096483,1
2025-02-10 18:04:02.921,97523.71433146537,220.57523035208578,1
2025-02-10 19:08:43.736,97585.55088034495,61.83654887958255,1
2025-02-10 20:04:33.853,97367.3655911921,-218.18528915285424,0
2025-02-10 21:03:57.706,97343.1682807978,-24.197310394287342,0
2025-02-10 22:00:51.728,97398.42007998587,55.25179918805952,1
2025-02-10 23:03:51.098,97390.4434974332,-7.976582552670152,0
2025-02-11 00:03:16.889,97465.03795561657,74.59445818337554,1
2025-02-11 01:08:51.459,97996.74379122132,531.7058356047492,1
2025-02-11 02:04:00.545,98062.17536313026,65.43157190893544,1
2025-02-11 03:02:11.821,97840.1754897783,-221.99987335196056,0
2025-02-11 04:04:07.829,97607.9294183258,-232.2460714524932,0
2025-02-11 05:04:12.556,98044.67328804094,436.7438697151374,1
2025-02-11 06:03:58.166,98467.0013054058,422.32801736486726,1
2025-02-11 07:04:26.923,98423.6912281288,-43.31007727701217,0
2025-02-11 08:03:57.944,98291.91112214026,-131.7801059885387,0
2025-02-11 09:04:08.177,98271.14915988536,-20.76196225489548,0
2025-02-11 10:04:11.776,98047.45718678787,-223.69197309749143,0
2025-02-11 11:03:47.853,98009.83713490752,-37.62005188035255,0
2025-02-11 12:04:20.249,98146.26604694665,136.42891203913314,1
2025-02-11 13:03:55.918,97785.0383083442,-361.2277386024507,0
2025-02-11 14:04:06.434,96938.19708318585,-846.8412251583504,0
2025-02-11 15:03:47.119,96977.78556048905,39.588477303201216,1
2025-02-11 16:07:07.324,96889.91975757855,-87.86580291049904,0
2025-02-11 17:04:19.151,96315.37542059057,-574.5443369879795,0
2025-02-11 18:04:19.864,96084.83930864246,-230.53611194810946,0
2025-02-11 19:07:04.093,95551.77083156312,-533.068477079345,0
2025-02-11 20:02:59.012,95017.42507160608,-534.3457599570393,0
2025-02-11 21:04:08.503,95303.46815226416,286.04308065808436,1
2025-02-11 22:04:19.586,96328.03689038444,1024.5687381202733,1
2025-02-11 23:04:23.283,95561.70494164275,-766.3319487416884,0
2025-02-12 00:04:04.920,95743.13972459143,181.43478294867964,1
2025-02-12 01:00:50.639,96077.33083493997,334.1911103485472,1
2025-02-12 02:04:10.902,96150.97841210228,73.64757716230815,1
2025-02-12 03:01:52.354,95535.57535709743,-615.4030550048483,0
2025-02-12 04:03:03.459,95372.30093011959,-163.27442697784863,0
2025-02-12 05:03:50.149,95508.78766861194,136.48673849235638,1
2025-02-12 06:04:12.696,95862.97586573691,354.1881971249677,1
2025-02-12 07:04:09.592,95809.99388128315,-52.98198445375601,0
2025-02-12 08:01:43.765,95946.08824913332,136.09436785016442,1
2025-02-12 09:04:30.071,96281.23094009243,335.14269095911004,1
2025-02-12 10:03:32.376,96126.64137548784,-154.58956460458285,0
2025-02-12 11:04:04.437,95982.41228195447,-144.2290935333731,0
2025-02-12 12:04:06.062,96108.54335491334,126.13107295887312,1
2025-02-12 13:04:08.493,95918.14912302299,-190.39423189035733,0
2025-02-12 14:04:09.506,94907.03940613412,-1011.1097168888664,0
2025-02-12 15:04:15.421,95383.62955535506,476.59014922093775,1
2025-02-12 16:03:50.406,95853.86268315182,470.2331277967605,1
2025-02-12 17:04:26.154,97131.40302480535,1277.5403416535264,1
2025-02-12 18:04:16.791,97372.92506928637,241.52204448102566,1
2025-02-12 19:04:00.157,96927.40233152782,-445.5227377585543,0
2025-02-12 20:09:02.782,97041.14442247873,113.74209095090919,1
2025-02-12 21:04:31.577,96953.21159837977,-87.93282409895619,0
2025-02-12 22:04:06.802,97581.66121244403,628.4496140642586,1
2025-02-12 23:04:30.772,97917.74883920769,336.08762676366314,1
2025-02-13 00:04:19.716,97886.93195784716,-30.816881360529806,0
2025-02-13 01:04:02.071,97822.8847791465,-64.04717870066816,0
2025-02-13 02:04:21.301,97984.76780314116,161.8830239946692,1
2025-02-13 03:04:25.132,97482.69236537757,-502.07543776358943,0
2025-02-13 04:04:10.538,97545.82090794371,63.12854256613355,1
2025-02-13 05:04:07.599,96884.50484747115,-661.3160604725563,0
2025-02-13 06:04:33.632,96702.94414130866,-181.56070616249053,0
2025-02-13 07:03:40.197,96045.87665482667,-657.0674864819885,0
2025-02-13 08:04:12.989,96036.93855574471,-8.938099081962719,0
2025-02-13 09:04:17.948,95893.42457979695,-143.51397594776063,0
2025-02-13 10:00:25.788,96255.72778377474,362.30320397778996,1
2025-02-13 11:04:14.032,96139.62356455375,-116.10421922098612,0
2025-02-13 12:04:00.551,95946.82224702308,-192.80131753066962,0
2025-02-13 13:08:52.578,95767.65830889478,-179.1639381283021,0
2025-02-13 14:04:22.419,96113.53673267111,345.87842377633206,1
2025-02-13 15:04:10.462,95878.64612431273,-234.8906083583861,0
2025-02-13 16:03:59.822,95917.38358350989,38.737459197160206,1
2025-02-13 17:00:31.421,95458.140300641,-459.2432828688907,0
2025-02-13 18:04:14.750,95637.78525555778,179.64495491678827,1
2025-02-13 19:03:54.469,96003.14980785846,365.36455230067077,1
2025-02-13 20:09:06.939,95782.51396129551,-220.63584656294552,0
2025-02-13 21:04:01.322,96300.0609397171,517.5469784215966,1
2025-02-13 22:07:21.359,96497.23557421484,197.17463449772913,1
2025-02-13 23:01:45.959,96374.20669516998,-123.02887904485397,0
2025-02-14 00:08:26.474,96666.70960779543,292.50291262545215,1
2025-02-14 01:04:18.947,96828.89943203412,162.18982423868147,1
2025-02-14 02:03:59.693,96532.5779782049,-296.3214538292086,0
2025-02-14 03:04:10.767,96579.33951604052,46.761537835613126,1
2025-02-14 04:04:25.171,97152.49941358573,573.1598975452071,1
2025-02-14 05:04:15.695,96779.1732418888,-373.3261716969282,0
2025-02-14 06:04:27.249,96703.60390210796,-75.56933978083543,0
2025-02-14 07:00:19.209,96772.32613035057,68.72222824260825,1
2025-02-14 08:04:14.366,97004.55038734362,232.22425699305313,1
2025-02-14 09:04:20.803,96886.55281117093,-117.99757617269643,0
2025-02-14 10:04:13.742,97140.50472343343,253.95191226250608,1
2025-02-14 11:04:14.630,97031.12535349325,-109.37936994018673,0
2025-02-14 12:04:09.226,96901.61280060273,-129.51255289051915,0
2025-02-14 13:03:35.410,96674.16542518875,-227.44737541397626,0
2025-02-14 14:04:16.536,96817.72457029505,143.55914510629373,1
2025-02-14 15:04:08.030,97324.06933798644,506.3447676913929,1
2025-02-14 16:04:00.368,96961.0929667185,-362.97637126794143,0
2025-02-14 17:04:14.298,97772.85353304356,811.7605663250579,1
2025-02-14 18:04:18.324,98623.62137807804,850.7678450344829,1
2025-02-14 19:03:35.581,98214.29854725617,-409.3228308218677,0
2025-02-14 20:04:27.377,97961.4270398272,-252.87150742896483,0
2025-02-14 21:08:51.836,97314.71761687646,-646.7094229507493,0
2025-02-14 22:04:21.801,97381.31607548901,66.59845861255599,1
2025-02-14 23:04:09.783,97190.84281503958,-190.47326044943475,0
2025-02-15 00:04:07.449,97525.56432832252,334.7215132829442,1
2025-02-15 01:02:44.761,97465.74346570221,-59.820862620312255,0
2025-02-15 02:04:21.757,97811.65069075664,345.9072250544268,1
2025-02-15 03:01:10.495,97810.11853984169,-1.532150914950762,0
2025-02-15 04:03:51.511,97680.37583137362,-129.74270846806758,0
2025-02-15 05:09:01.276,97555.50423518383,-124.8715961897833,0
2025-02-15 06:04:11.294,97596.36340969727,40.85917451343266,1
2025-02-15 07:09:24.932,97534.03412413939,-62.329285557876574,0
2025-02-15 08:03:58.198,97401.87016895857,-132.16395518081845,0
2025-02-15 09:04:11.383,97504.16571792305,102.29554896448099,1
2025-02-15 10:09:13.164,97524.57452619587,20.408808272812166,1
2025-02-15 11:00:59.437,97726.54687428048,201.97234808461508,1
2025-02-15 12:04:18.755,97599.45342665966,-127.09344762082037,0
2025-02-15 13:01:43.979,97755.57301650841,156.11958984874946,1
2025-02-15 14:04:00.850,97743.06912727187,-12.503889236541,0
2025-02-15 15:04:20.336,97643.02998914919,-100.03913812268001,0
2025-02-15 16:09:10.344,97690.30146549319,47.27147634400171,1
2025-02-15 17:03:55.009,97533.1040216401,-157.19744385308877,0
2025-02-15 18:00:40.667,97422.02899712167,-111.07502451843175,0
2025-02-15 19:00:33.236,97595.31113086389,173.28213374222105,1
2025-02-15 20:04:19.773,97588.83350317659,-6.47762768730172,0
2025-02-15 21:04:15.188,97552.17038179221,-36.66312138437934,0
2025-02-15 22:04:16.328,97709.33332248866,157.16294069644937,1
2025-02-15 23:03:30.801,97545.4160810322,-163.91724145645276,0
2025-02-16 00:08:58.860,97651.63779310409,106.22171207188512,1
2025-02-16 01:03:17.474,97619.7866463706,-31.851146733490168,0
2025-02-16 02:03:35.776,97670.43504008041,50.64839370980917,1
2025-02-16 03:00:38.025,97548.37442069995,-122.06061938045605,0
2025-02-16 04:03:56.282,97557.1527649986,8.77834429864015,1
2025-02-16 05:03:59.283,97540.4302583713,-16.722506627294933,0
2025-02-16 06:03:58.157,97602.86236725133,62.43210888003523,1
2025-02-16 07:01:12.853,97485.10316361366,-117.75920363767364,0
2025-02-16 08:04:05.580,97230.9985896581,-254.10457395555568,0
2025-02-16 09:07:02.379,97125.39953728911,-105.59905236899795,0
2025-02-16 10:02:25.441,97374.59042056215,249.19088327304053,1
2025-02-16 11:03:27.604,97179.53603625878,-195.05438430336653,0
2025-02-16 12:03:49.790,97336.20781895904,156.6717827002576,1
2025-02-16 13:03:56.263,97102.97273794797,-233.23508101106563,0
2025-02-16 14:03:53.782,96820.88754034557,-282.0851976023987,0
2025-02-16 15:04:03.853,96973.53423641954,152.64669607396354,1
2025-02-16 16:04:02.746,96965.21530590902,-8.31893051051884,0
2025-02-16 17:04:15.153,97074.7553724119,109.54006650288648,1
2025-02-16 18:04:16.263,96972.41824936462,-102.33712304728397,0
2025-02-16 19:02:37.915,96911.18680524954,-61.2314441150811,0
2025-02-16 20:01:05.214,97057.54396616183,146.35716091228824,1
2025-02-16 21:03:54.909,96915.58776734979,-141.95619881204038,0
2025-02-16 22:04:18.072,97161.8859953998,246.2982280500146,1
2025-02-16 23:03:42.553,96889.88885007307,-271.99714532673534,0
2025-02-17 00:04:01.303,96122.86600485025,-767.0228452228184,0
2025-02-17 01:04:16.994,96306.8893048766,184.02330002635426,1
2025-02-17 02:01:57.801,96529.14863264606,222.2593277694541,1
2025-02-17 03:00:53.065,96203.28295054514,-325.8656821009208,0
2025-02-17 04:06:49.888,96185.61060460084,-17.672345944301924,0
2025-02-17 05:04:01.732,96124.05481404,-61.55579056082934,0
2025-02-17 06:03:47.584,96258.4683507194,134.41353667939256,1
2025-02-17 07:04:03.554,96363.60291349764,105.13456277824298,1
2025-02-17 08:04:02.845,96103.04905731311,-260.55385618453147,0
2025-02-17 09:04:09.644,96125.59652377032,22.54746645721025,1
2025-02-17 10:04:47.383,96162.96642649428,37.369902723963605,1
2025-02-17 11:04:12.831,96115.17848679269,-47.78793970159313,0
2025-02-17 12:04:09.411,96070.76836745605,-44.41011933663685,0
2025-02-17 13:03:56.823,96472.19885359015,401.43048613409337,1
2025-02-17 14:09:01.694,96469.90302563595,-2.295827954192646,0
2025-02-17 15:03:19.163,96825.39185696325,355.4888313272968,1
2025-02-17 16:03:59.096,95601.77121160176,-1223.6206453614868,0
2025-02-17 17:03:49.983,95367.30839787448,-234.46281372728117,0
2025-02-17 18:04:08.444,95473.9227113629,106.6143134884187,1
2025-02-17 19:04:17.506,95305.81471590063,-168.10799546226917,0
2025-02-17 20:04:24.419,95517.3362841228,211.52156822216057,1
2025-02-17 21:04:25.810,96001.22510228083,483.8888181580405,1
2025-02-17 22:04:28.726,96394.20010452533,392.9750022444932,1
2025-02-17 23:03:53.370,95910.6343997475,-483.56570477782225,0
2025-02-18 00:04:13.462,95784.62953852078,-126.00486122672737,0
2025-02-18 01:04:27.335,95657.12403089936,-127.50550762141938,0
2025-02-18 02:04:14.216,96283.17216937791,626.0481384785526,1
2025-02-18 03:04:04.967,96049.47160409925,-233.7005652786611,0
2025-02-18 04:03:52.652,96188.68435164474,139.21274754549086,1
2025-02-18 05:04:58.619,96057.16749618895,-131.51685545578948,0
2025-02-18 06:04:36.443,95607.02526683104,-450.14222935790895,0
2025-02-18 07:05:29.280,95364.76732236886,-242.2579444621806,0
2025-02-18 08:09:27.434,95318.63732379173,-46.12999857713294,0
2025-02-18 09:04:26.644,95189.2521445793,-129.3851792124333,0
2025-02-18 10:00:45.871,95719.26020920448,530.0080646251881,1
2025-02-18 11:06:02.748,95713.43307222998,-5.827136974505265,0
2025-02-18 12:00:37.611,95626.63610131448,-86.79697091550042,0
2025-02-18 13:04:36.561,96171.78850952118,545.1524082067044,1
2025-02-18 14:04:52.860,96130.53749194527,-41.25101757590892,0
2025-02-18 15:04:52.776,95503.68783507988,-626.8496568653936,0
2025-02-18 16:07:39.716,95429.11009120086,-74.57774387902464,0
2025-02-18 17:04:41.400,94580.67364083909,-848.436450361769,0
2025-02-18 18:04:52.675,94035.03488149004,-545.6387593490508,0
2025-02-18 19:04:43.717,93902.52254777655,-132.51233371348644,0
2025-02-18 20:01:48.970,94054.50815083837,151.9856030618248,1
2025-02-18 21:04:45.201,94134.52184393156,80.01369309319125,1
2025-02-18 22:02:04.924,94953.73212288553,819.210278953964,1
2025-02-18 23:05:35.383,95259.61791981726,305.88579693173233,1
2025-02-19 00:03:23.374,95613.70786478418,354.0899449669232,1
2025-02-19 01:03:28.072,95280.7459174621,-332.96194732208096,0
2025-02-19 02:04:50.779,95317.50472754847,36.758810086364974,1
2025-02-19 03:04:27.107,95727.74865208809,410.24392453962355,1
2025-02-19 04:09:39.896,95665.49231937547,-62.25633271262632,0
2025-02-19 05:04:21.217,95176.94369782117,-488.54862155429146,0
2025-02-19 06:04:30.541,95224.12571943826,47.18202161708905,1
2025-02-19 07:04:54.369,95586.35220471295,362.22648527468846,1
2025-02-19 08:09:25.956,95680.7581641533,94.40595944035158,1
2025-02-19 09:04:36.363,95590.61583351126,-90.14233064204745,0
2025-02-19 10:04:49.901,95949.78606201638,359.17022850512876,1
2025-02-19 11:04:19.894,96302.84963715746,353.06357514107367,1
2025-02-19 12:06:38.418,96414.46175112732,111.61211396986619,1
2025-02-19 13:04:30.798,96194.7062967688,-219.75545435852837,0
2025-02-19 14:04:39.998,96235.09041058479,40.38411381599144,1
2025-02-19 15:04:21.303,95728.44469201894,-506.645718565851,0
2025-02-19 16:00:33.141,95946.65997661931,218.2152846003737,1
2025-02-19 17:04:53.114,96051.7756014956,105.11562487628544,1
2025-02-19 18:04:53.124,96386.72652871323,334.9509272176365,1
2025-02-19 19:07:06.834,95622.78488625766,-763.9416424555675,0
2025-02-19 20:04:39.239,96157.47075255743,534.6858662997693,1
2025-02-19 21:04:44.679,96137.40416742311,-20.06658513432194,0
2025-02-19 22:05:34.349,96423.82994264697,286.42577522386273,1
2025-02-19 23:03:42.693,96540.84301900618,117.01307635920239,1
2025-02-20 00:06:16.528,96631.9764747056,91.13345569942612,1
2025-02-20 01:04:55.780,96836.56956169584,204.59308699023677,1
2025-02-20 02:03:02.861,96753.44819523895,-83.12136645689316,0
2025-02-20 03:00:38.172,97179.21961256368,425.77141732473683,1
2025-02-20 04:04:44.986,97060.52011571353,-118.69949685015308,0
2025-02-20 05:00:35.014,97183.01235981267,122.49224409913586,1
2025-02-20 06:05:01.256,96922.7147115594,-260.29764825326856,0
2025-02-20 07:01:07.175,96913.83407061106,-8.880640948336804,0
2025-02-20 08:04:41.781,97004.88168451515,91.04761390408385,1
2025-02-20 09:01:01.985,97188.8027667773,183.9210822621535,1
2025-02-20 10:04:45.189,97192.89155485418,4.088788076885976,1
2025-02-20 11:05:54.364,97406.95451404073,214.0629591865436,1
2025-02-20 12:04:53.780,97248.13930504581,-158.81520899491443,0
2025-02-20 13:04:21.306,97439.5651782597,191.4258732138842,1
2025-02-20 14:05:43.049,97597.5898426476,158.02466438790725,1
2025-02-20 15:09:30.030,97202.8689987542,-394.72084389340307,0
2025-02-20 16:04:41.884,96876.26093402511,-326.6080647290946,0
2025-02-20 17:06:49.908,97714.3371744566,838.0762404314883,1
2025-02-20 18:03:34.411,98018.59661832507,304.2594438684755,1
2025-02-20 19:04:46.413,98338.7018272712,320.10520894613,1
2025-02-20 20:07:50.481,98481.54369856586,142.84187129465863,1
2025-02-20 21:04:48.201,98519.0592307595,37.51553219364723,1
2025-02-20 22:04:20.397,98022.05812096567,-497.00110979384044,0
2025-02-20 23:04:56.646,98227.3320679309,205.2739469652297,1
2025-02-21 00:04:28.449,98336.68799774042,109.3559298095206,1
2025-02-21 01:07:45.226,98250.85003188688,-85.83796585354139,0
2025-02-21 02:04:57.538,98368.18235937174,117.33232748486625,1
2025-02-21 03:04:46.043,98126.16133511938,-242.0210242523608,0
2025-02-21 04:04:36.364,98241.82244249899,115.66110737960844,1
2025-02-21 05:04:43.530,98247.45441227335,5.631969774360186,1
2025-02-21 06:09:18.155,98328.75213668121,81.29772440786473,1
2025-02-21 07:00:30.275,98421.66598679434,92.91385011312377,1
2025-02-21 08:04:23.729,98190.5219426655,-231.14404412884323,0
2025-02-21 09:04:49.539,98306.70568096745,116.18373830195924,1
2025-02-21 10:04:26.847,98354.95929916999,48.25361820253602,1
2025-02-21 11:00:52.127,98635.9937326328,281.0344334628171,1
2025-02-21 12:04:51.988,98641.48664582448,5.4929131916724145,1
2025-02-21 13:03:40.066,98941.1725782136,299.6859323891258,1
2025-02-21 14:07:40.214,99244.09049710589,302.91791889228625,1
2025-02-21 15:04:38.351,98689.12290385604,-554.9675932498503,0
2025-02-21 16:01:43.142,98200.30835870569,-488.8145451503515,0
2025-02-21 17:04:16.439,98208.05256779343,7.744209087744821,1
2025-02-21 18:04:42.447,97057.94737411733,-1150.1051936761069,0
2025-02-21 19:04:57.810,96432.40639733619,-625.5409767811361,0
2025-02-21 20:04:57.717,95188.4232914197,-1243.9831059164862,0
2025-02-21 21:01:41.905,94909.23471393716,-279.1885774825496,0
2025-02-21 22:04:46.216,95374.40372435798,465.16901042082463,1
2025-02-21 23:04:58.218,95744.67131189487,370.26758753688773,1
2025-02-22 00:04:32.453,96135.15541305285,390.4841011579847,1
2025-02-22 01:03:49.822,96175.80021236626,40.64479931340611,1
2025-02-22 02:04:57.978,96214.64163369463,38.8414213283686,1
2025-02-22 03:03:51.217,96324.83585906116,110.19422536653292,1
2025-02-22 04:05:58.222,96379.27904139952,54.44318233836384,1
2025-02-22 05:00:34.202,96361.62676840216,-17.6522729973658,0
2025-02-22 06:04:58.495,96448.06002721623,86.43325881406781,1
2025-02-22 07:04:54.123,96389.686033179,-58.37399403723248,0
2025-02-22 08:03:34.715,96304.5157111551,-85.17032202389964,0
2025-02-22 09:05:12.632,96211.30637187278,-93.20933928231534,0
2025-02-22 10:04:05.336,96479.11808533416,267.8117134613858,1
2025-02-22 11:04:46.590,96480.22631988948,1.1082345553149935,1
2025-02-22 12:04:29.298,96594.85836473043,114.63204484095331,1
2025-02-22 13:01:07.696,96857.71626951931,262.85790478887793,1
2025-02-22 14:09:22.015,96640.432707833,-217.2835616863158,0
2025-02-22 15:05:21.603,96533.46795238968,-106.9647554433177,0
2025-02-22 16:04:48.803,96582.88770834969,49.4197559600143,1
2025-02-22 17:04:43.302,96493.95352259732,-88.93418575236865,0
2025-02-22 18:04:59.220,96668.33083690105,174.37731430372514,1
2025-02-22 19:02:15.198,96417.94490841779,-250.38592848325789,0
2025-02-22 20:04:50.643,96631.34570897685,213.40080055905855,1
2025-02-22 21:04:44.980,96576.69186359123,-54.653845385619206,0
2025-02-22 22:01:33.157,96676.44236752397,99.75050393273705,1
2025-02-22 23:05:45.135,96635.74766480611,-40.69470271785394,0
2025-02-23 00:04:47.721,96526.3245193673,-109.42314543880639,0
2025-02-23 01:04:50.090,96652.72840228872,126.40388292141142,1
2025-02-23 02:04:51.387,96486.16095700496,-166.56744528375566,0
2025-02-23 03:04:36.316,96413.29570390456,-72.86525310040452,0
2025-02-23 04:04:41.720,96433.35114701596,20.055443111399654,1
2025-02-23 05:04:46.475,96423.40572186683,-9.945425149126095,0
2025-02-23 06:04:37.616,96216.37468385046,-207.0310380163719,0
2025-02-23 07:02:03.265,96345.70036309761,129.32567924715113,1
2025-02-23 08:04:31.344,96532.36465453282,186.66429143521236,1
2025-02-23 09:04:53.321,96345.45264741067,-186.91200712215505,0
2025-02-23 10:00:21.052,96327.06984242801,-18.382804982655216,0
2025-02-23 11:04:48.539,96170.77690652086,-156.2929359071568,0
2025-02-23 12:00:50.617,96113.94673119442,-56.83017532643862,0
2025-02-23 13:04:51.833,95729.51884312728,-384.4278880671336,0
2025-02-23 14:04:49.250,95910.3437706451,180.82492751780956,1
2025-02-23 15:04:45.840,95578.6571267704,-331.6866438746947,0
2025-02-23 16:04:37.446,95432.65221910209,-146.00490766830626,0
2025-02-23 17:04:48.221,95425.30528594145,-7.346933160646586,0
2025-02-23 18:05:32.331,95664.86676122127,239.5614752798283,1
2025-02-23 19:09:24.749,95807.78271920708,142.91595798580965,1
2025-02-23 20:04:57.514,95748.56191472913,-59.220804477954516,0
2025-02-23 21:04:48.030,95784.84215984003,36.28024511090189,1
2025-02-23 22:04:56.654,95764.18321415772,-20.65894568231306,0
2025-02-23 23:09:21.219,96100.14512743866,335.96191328094574,1
2025-02-24 00:03:58.045,96265.42843123179,165.28330379312683,1
2025-02-24 01:04:32.015,96235.4969392334,-29.931491998388083,0
2025-02-24 02:04:40.171,95980.26132457636,-255.23561465703824,0
2025-02-24 03:04:27.810,95792.0954841429,-188.16584043345938,0
2025-02-24 04:04:56.717,95444.921653889,-347.17383025390154,0
2025-02-24 05:01:04.500,95286.7956865605,-158.12596732850943,0
2025-02-24 06:04:32.274,95738.04972301621,451.2540364557208,1
2025-02-24 07:04:24.571,95913.34522050363,175.29549748741556,1
2025-02-24 08:04:48.274,95901.8386976779,-11.506522825729917,0
2025-02-24 09:04:55.513,95542.30879671387,-359.52990096402937,0
2025-02-24 10:04:38.788,95806.49386697571,264.1850702618394,1
2025-02-24 11:04:29.936,95640.85834666436,-165.63552031134896,0
2025-02-24 12:04:45.829,95832.80810182482,191.94975516045815,1
2025-02-24 13:04:42.429,95796.86204044832,-35.9460613764968,0
2025-02-24 14:04:10.530,95536.92475658203,-259.93728386629664,0
2025-02-24 15:05:00.194,94752.9231933443,-784.0015632377326,0
2025-02-24 16:07:36.417,94242.24036204048,-510.68283130381315,0
2025-02-24 17:04:48.544,94308.47790279647,66.23754075598845,1
2025-02-24 18:04:55.855,94634.09914253639,325.6212397399213,1
2025-02-24 19:04:43.068,94136.87035612758,-497.2287864088139,0
2025-02-24 20:04:32.403,93870.86137654915,-266.0089795784297,0
2025-02-24 21:03:37.801,93976.22734751913,105.36597096998594,1
2025-02-24 22:04:58.981,93954.42572459971,-21.80162291941815,0
2025-02-24 23:04:10.160,92361.39840402018,-1593.0273205795384,0
2025-02-25 00:04:59.811,91581.54822567313,-779.850178347042,0
2025-02-25 01:01:30.844,91837.13011638554,255.58189071240486,1
2025-02-25 02:04:20.838,92013.31215072384,176.18203433830058,1
2025-02-25 03:04:56.335,92306.01372151902,292.7015707951796,1
2025-02-25 04:04:46.408,92105.6033404217,-200.41038109731744,0
2025-02-25 05:09:18.813,91820.5412072708,-285.0621331509028,0
2025-02-25 06:06:35.030,91940.55326491955,120.0120576487534,1
2025-02-25 07:04:47.171,91256.70542813146,-683.8478367880889,0
2025-02-25 08:04:15.825,89090.97043741599,-2165.734990715471,0
2025-02-25 09:01:02.370,89396.73950666585,305.76906924985815,1
2025-02-25 10:05:57.382,88440.37884721062,-956.3606594552257,0
2025-02-25 11:04:36.059,88201.3382303592,-239.04061685143097,0
2025-02-25 12:04:46.178,89256.52949098358,1055.191260624386,1
2025-02-25 13:04:40.670,89391.201092851,134.67160186741967,1
2025-02-25 14:09:28.139,88789.8197934742,-601.3812993767933,0
2025-02-25 15:09:24.610,86867.66638189416,-1922.153411580046,0
2025-02-25 16:09:24.690,86776.4546745387,-91.21170735545456,0
2025-02-25 17:09:15.140,87366.87218874015,590.4175142014428,1
2025-02-25 18:09:41.791,87392.79936497574,25.927176235592924,1
2025-02-25 19:01:49.546,86941.61569710268,-451.1836678730615,0
2025-02-25 20:04:53.681,87837.98611845393,896.3704213512538,1
2025-02-25 21:01:39.627,88056.54698126936,218.56086281542957,1
2025-02-25 22:09:45.639,89142.8156418093,1086.2686605399358,1
2025-02-25 23:09:38.390,89006.72620143932,-136.08944036997855,0
2025-02-26 00:08:53.938,88463.02814951622,-543.6980519231001,0
2025-02-26 01:09:45.658,88129.4582649271,-333.56988458911655,0
2025-02-26 02:05:27.951,88582.89007988699,453.4318149598839,1
2025-02-26 03:08:26.575,89010.2709977032,427.38091781621915,1
2025-02-26 04:09:26.619,88849.42547092162,-160.84552678158798,0
2025-02-26 05:04:43.636,88627.54762623741,-221.87784468420432,0
2025-02-26 06:04:48.324,88377.108768736,-250.43885750141635,0
2025-02-26 07:09:08.380,88829.00914641502,451.9003776790196,1
2025-02-26 08:04:36.710,88672.10610119285,-156.9030452221632,0
2025-02-26 09:04:17.986,88447.98677406105,-224.1193271318043,0
2025-02-26 10:04:49.265,89035.46679968933,587.480025628276,1
2025-02-26 11:05:30.847,89191.07152838832,155.6047286989924,1
2025-02-26 12:04:19.989,88591.27153709585,-599.7999912924715,0
2025-02-26 13:04:57.308,87915.24559540932,-676.0259416865301,0
2025-02-26 14:04:53.742,86973.31331258506,-941.9322828242584,0
2025-02-26 15:04:41.245,87527.16336925325,553.8500566681905,1
2025-02-26 16:01:06.530,87384.08580336162,-143.07756589162454,0
2025-02-26 17:05:35.340,86693.74231687622,-690.3434864854062,0
2025-02-26 18:04:52.167,85901.66149196563,-792.0808249105903,0
2025-02-26 19:04:58.494,84103.29594104021,-1798.3655509254168,0
2025-02-26 20:07:03.343,83753.25723879317,-350.0387022470386,0
2025-02-26 21:05:29.701,84033.67383603823,280.41659724505735,1
2025-02-26 22:04:51.580,84508.0886401965,474.41480415826663,1
2025-02-26 23:04:44.223,84301.81196811788,-206.27667207861668,0
2025-02-27 00:04:57.146,84136.6270309708,-165.18493714707438,0
2025-02-27 01:00:33.204,84539.85867570058,403.23164472977805,1
2025-02-27 02:07:39.379,84559.84873137249,19.990055671907612,1
2025-02-27 03:03:23.975,84283.81642317647,-276.0323081960232,0
2025-02-27 04:04:18.422,85132.65827117102,848.841847994554,1
2025-02-27 05:09:12.323,85035.83826254253,-96.82000862849236,0
2025-02-27 06:04:45.122,85749.7757679238,713.9375053812691,1
2025-02-27 07:04:28.938,86174.31224944406,424.5364815202629,1
2025-02-27 08:04:28.696,86219.35590995634,45.04366051228135,1
2025-02-27 09:04:38.683,85993.04087670334,-226.31503325300582,0
2025-02-27 10:04:44.385,86074.32031147683,81.2794347734889,1
2025-02-27 11:04:50.652,86951.11150965454,876.7911981777143,1
2025-02-27 12:04:58.578,86658.62256231347,-292.4889473410731,0
2025-02-27 13:04:42.833,86247.63680503149,-410.98575728197466,0
2025-02-27 14:04:54.100,86051.58311473635,-196.0536902951426,0
2025-02-27 15:04:44.189,84937.58784593474,-1113.9952688016056,0
2025-02-27 16:12:05.479,85465.98308790909,528.3952419743437,1
2025-02-27 17:06:45.252,84434.42898184851,-1031.5541060605756,0
2025-02-27 18:04:35.450,84484.3560760712,49.92709422268672,1
2025-02-27 19:09:29.693,84308.63045291128,-175.72562315991672,0
2025-02-27 20:04:49.162,83946.71468689031,-361.91576602097484,0
2025-02-27 21:04:41.086,83456.54639867684,-490.1682882134628,0
2025-02-27 22:04:57.260,84201.35039951056,744.804000833712,1
2025-02-27 23:04:30.095,84575.08070076704,373.73030125648074,1
2025-02-28 00:05:00.195,84689.50963635083,114.42893558379728,1
2025-02-28 01:04:49.739,84174.60386136748,-514.9057749833592,0
2025-02-28 02:05:42.417,81731.45985922733,-2443.1440021401504,0
2025-02-28 03:09:52.358,81150.26278342587,-581.1970758014504,0
2025-02-28 04:04:55.802,80450.79294794661,-699.4698354792636,0
2025-02-28 05:01:46.910,80327.90968370625,-122.88326424035768,0
2025-02-28 06:04:43.440,79873.24246763966,-454.6672160665912,0
2025-02-28 07:08:53.466,79796.03338247676,-77.20908516290365,0
2025-02-28 08:04:36.289,79079.23853988826,-716.794842588497,0
2025-02-28 09:04:31.902,78940.43864942867,-138.7998904595879,0
2025-02-28 10:09:24.105,79998.57693365982,1058.1382842311432,1
2025-02-28 11:04:46.563,79962.43838770282,-36.13854595700104,0
2025-02-28 12:03:00.812,80435.1886242044,472.75023650158255,1
2025-02-28 13:04:36.416,80772.67815795937,337.48953375496785,1
2025-02-28 14:04:47.958,81473.42315333462,700.7449953752512,1
2025-02-28 15:09:21.818,82319.00615781517,845.583004480548,1
2025-02-28 16:03:36.928,83979.37551380234,1660.3693559871754,1
2025-02-28 17:02:36.098,84391.42017096882,412.04465716647974,1
2025-02-28 18:01:49.181,83657.49178573994,-733.928385228879,0
2025-02-28 19:03:23.947,84357.8359375325,700.344151792553,1
2025-02-28 20:04:47.805,84401.15171227718,43.31577474468213,1
2025-02-28 21:04:46.499,84180.34506243317,-220.8066498440021,0
2025-02-28 22:07:23.300,84366.4982526792,186.1531902460265,1
2025-02-28 23:09:29.129,84116.90940478408,-249.58884789512376,0
2025-03-01 00:04:49.222,84316.57799844211,199.66859365803248,1
2025-03-01 01:04:45.960,83818.25957742738,-498.3184210147301,0
2025-03-01 02:06:09.617,84377.49004801741,559.2304705900315,1
2025-03-01 03:04:50.497,85258.01997722525,880.5299292078416,1
2025-03-01 04:04:52.221,85288.51830750107,30.49833027581917,1
2025-03-01 05:04:58.266,86187.61560877925,899.097301278176,1
2025-03-01 06:09:43.335,85499.73208015299,-687.883528626262,0
2025-03-01 07:04:40.353,85040.27992527063,-459.4521548823541,0
2025-03-01 08:09:49.820,84987.8829445724,-52.396980698234984,0
2025-03-01 09:04:56.475,85248.50951064646,260.626566074061,1
2025-03-01 10:03:00.727,85333.49904975179,84.98953910532873,1
2025-03-01 11:04:40.471,84842.21597267754,-491.2830770742439,0
2025-03-01 12:04:47.671,84600.52864758584,-241.68732509169786,0
2025-03-01 13:01:32.159,84785.19164229938,184.66299471353705,1
2025-03-01 14:04:57.680,84452.16671372668,-333.0249285727041,0
2025-03-01 15:03:19.617,84684.87464077682,232.70792705014173,1
2025-03-01 16:09:39.057,84659.92894806841,-24.945692708410206,0
2025-03-01 17:04:56.828,85280.03180448567,620.1028564172593,1
2025-03-01 18:04:48.755,85167.93027730213,-112.10152718353493,0
2025-03-01 19:09:40.183,85261.85384218712,93.92356488498626,1
2025-03-01 20:08:47.032,85357.75007854645,95.89623635933094,1
2025-03-01 21:09:43.546,85499.63370083639,141.88362228994083,1
2025-03-01 22:04:49.001,86040.13401090879,540.5003100723989,1
2025-03-01 23:09:48.398,86064.6646695572,24.530658648407552,1
2025-03-02 00:04:58.408,85982.6656372778,-81.99903227940376,0
2025-03-02 01:04:52.943,85984.92968484931,2.26404757151613,1
2025-03-02 02:04:41.101,86325.16846001119,340.23877516188077,1
2025-03-02 03:05:40.359,85726.58136584464,-598.5870941665489,0
2025-03-02 04:05:00.204,85824.99311969621,98.41175385157112,1
2025-03-02 05:06:10.915,85655.19135378071,-169.80176591550116,0
2025-03-02 06:04:57.684,85930.4029532836,275.2115995028871,1
2025-03-02 07:06:07.098,86246.64068135856,316.23772807496425,1
2025-03-02 08:04:59.622,86207.33731471795,-39.303366640611785,0
2025-03-02 09:04:42.644,85733.27090027815,-474.06641443980334,0
2025-03-02 10:03:21.159,85861.56494055038,128.29404027223063,1
2025-03-02 11:02:33.052,85974.46210057012,112.89716001974011,1
2025-03-02 12:08:17.642,85952.41873108123,-22.043369488892495,0
2025-03-02 13:04:34.513,85945.65637691983,-6.762354161401163,0
2025-03-02 14:03:32.213,85673.0709138241,-272.5854630957183,0
2025-03-02 15:02:50.195,85075.19099390629,-597.8799199178175,0
2025-03-02 16:04:56.774,87445.5430848164,2370.352090910106,1
2025-03-02 17:02:27.716,91378.26201151186,3932.7189266954665,1
2025-03-02 18:01:37.716,94183.67640464348,2805.414393131621,1
2025-03-02 19:04:59.772,92908.06234717843,-1275.614057465049,0
2025-03-02 20:04:41.055,93553.2099599375,645.1476127590722,1
2025-03-02 21:04:10.894,94442.43103320176,889.2210732642561,1
2025-03-02 22:06:28.822,93993.49502205626,-448.93601114550256,0
2025-03-02 23:09:28.211,94770.10370201574,776.6086799594777,1
2025-03-03 00:04:52.201,94261.53286538439,-508.57083663134836,0
2025-03-03 01:09:34.401,93235.73548423624,-1025.7973811481497,0
2025-03-03 02:06:06.737,92994.25280972291,-241.4826745133323,0
2025-03-03 03:03:23.792,93323.7976962091,329.54488648619736,1
2025-03-03 04:07:38.593,92682.02628626079,-641.7714099483128,0
2025-03-03 05:09:02.287,93025.760601398,343.73431513720425,1
2025-03-03 06:04:27.545,93302.25115067598,276.4905492779799,1
2025-03-03 07:01:06.305,91464.20916332758,-1838.0419873483916,0
2025-03-03 08:08:22.419,92319.03215389892,854.8229905713379,1
2025-03-03 09:04:48.537,91365.5560267108,-953.4761271881289,0
2025-03-03 10:04:53.548,91840.96195107298,475.40592436218867,1
2025-03-03 11:04:57.225,92520.05256903946,679.0906179664744,1
2025-03-03 12:02:23.152,92704.99332627936,184.94075723990682,1
2025-03-03 13:09:42.742,93184.11440212942,479.1210758500529,1
2025-03-03 14:00:29.738,93288.33219257377,104.21779044435243,1
2025-03-03 15:09:47.133,89948.47284407713,-3339.8593484966405,0
2025-03-03 16:03:35.519,90078.29699874723,129.82415467010287,1
2025-03-03 17:00:50.731,90100.55793547307,22.26093672584102,1
2025-03-03 18:00:27.806,90362.03357256715,261.47563709407405,1
2025-03-03 19:09:53.449,87491.4206062274,-2870.612966339744,0
2025-03-03 20:04:59.600,85545.7625233458,-1945.6580828816077,0
2025-03-03 21:09:57.763,86058.30490682101,512.5423834752146,1
2025-03-03 22:04:20.857,85204.63043242115,-853.674474399857,0
2025-03-03 23:09:52.654,86170.71147754729,966.081045126135,1
2025-03-04 00:07:26.499,86009.33348231346,-161.37799523382273,0
2025-03-04 01:05:15.772,86121.81430043305,112.480818119584,1
2025-03-04 02:09:42.514,83547.88761068918,-2573.9266897438647,0
2025-03-04 03:04:40.863,83972.72380658488,424.8361958956957,1
2025-03-04 04:04:42.805,83894.60765773285,-78.11614885203016,0
2025-03-04 05:02:36.907,83415.32852921398,-479.2791285188723,0
2025-03-04 06:09:47.788,84208.53292141939,793.2043922054145,1
2025-03-04 07:02:51.018,83856.74936488515,-351.7835565342393,0
2025-03-04 08:04:42.529,83176.65536982972,-680.0939950554312,0
2025-03-04 09:04:38.281,83842.65217935151,665.9968095217919,1
2025-03-04 10:04:50.960,83797.859996219,-44.79218313250749,0
2025-03-04 11:09:25.426,83870.76608750969,72.90609129068616,1
2025-03-04 12:09:27.712,83840.8128569342,-29.95323057549831,0
2025-03-04 13:04:46.725,83704.19016400714,-136.62269292704877,0
2025-03-04 14:00:49.130,82681.05172860001,-1023.1384354071342,0
2025-03-04 15:04:53.276,83066.2270465692,385.17531796918774,1
2025-03-04 16:03:54.010,82922.8590885219,-143.36795804729627,0
2025-03-04 17:05:34.581,83663.71104143023,740.8519529083278,1
2025-03-04 18:09:22.346,85454.70850609809,1790.9974646678602,1
2025-03-04 19:02:35.062,86734.75594854711,1280.047442449024,1
2025-03-04 20:09:31.356,87903.09912509412,1168.3431765470013,1
2025-03-04 21:09:09.072,86892.91764570212,-1010.1814793919912,0
2025-03-04 22:09:37.480,87654.10477359233,761.1871278902108,1
2025-03-04 23:05:05.626,87536.70299445765,-117.40177913468506,0
2025-03-05 00:05:17.158,87310.80531078295,-225.89768367470242,0
2025-03-05 01:09:28.500,86671.69226701841,-639.1130437645334,0
2025-03-05 02:04:59.180,87636.02617297841,964.3339059599966,1
2025-03-05 03:04:22.285,87336.45385836615,-299.57231461226183,0
2025-03-05 04:02:20.356,86728.88847600293,-607.5653823632165,0
2025-03-05 05:04:50.902,86938.4775519185,209.58907591557363,1
2025-03-05 06:04:38.467,87196.79381349821,258.3162615797046,1
2025-03-05 07:09:27.015,87572.61283398556,375.81902048735355,1
2025-03-05 08:09:35.131,87642.61154756158,69.9987135760166,1
2025-03-05 09:02:37.473,87717.3980065317,74.7864589701203,1
2025-03-05 10:09:24.495,88641.41361763507,924.0156111033721,1
2025-03-05 11:05:18.006,89850.54371051837,1209.1300928832934,1
2025-03-05 12:03:04.102,89753.15776222358,-97.38594829478825,0
2025-03-05 13:01:53.736,90352.05950695107,598.9017447274964,1
2025-03-05 14:04:40.511,89433.26802498609,-918.7914819649886,0
2025-03-05 15:09:07.195,89053.99855085106,-379.26947413502785,0
2025-03-05 16:04:55.249,88337.21345459952,-716.7850962515367,0
2025-03-05 17:04:39.969,89190.8514508287,853.637996229183,1
2025-03-05 18:08:45.387,89693.88203144133,503.0305806126271,1
2025-03-05 19:04:51.192,89762.80824021908,68.92620877774607,1
2025-03-05 20:04:49.214,89840.50983422284,77.70159400376724,1
2025-03-05 21:04:42.924,90363.81178680262,523.3019525797718,1
2025-03-05 22:09:34.888,90315.43269286388,-48.37909393873997,0
2025-03-05 23:03:30.643,90503.36669781877,187.93400495489186,1
2025-03-06 00:09:15.277,90746.37808455544,243.01138673667447,1
2025-03-06 01:07:27.861,90173.67851810707,-572.6995664483693,0
2025-03-06 02:08:58.379,91565.19124357773,1391.5127254706604,1
2025-03-06 03:06:46.257,91833.40344858613,268.2122050083999,1
2025-03-06 04:03:45.636,91778.32417365785,-55.079274928284576,0
2025-03-06 05:04:33.957,92300.44149363266,522.1173199748155,1
2025-03-06 07:04:29.884,91906.28728287248,-394.1542107601854,0
2025-03-06 08:04:57.205,91331.32236389222,-574.9649189802585,0
2025-03-06 09:04:41.899,91202.75078154197,-128.57158235025418,0
2025-03-06 10:01:39.106,90733.51714965983,-469.2336318821326,0
2025-03-06 11:08:33.421,91044.06230513072,310.5451554708852,1
2025-03-06 12:02:29.709,91336.03520982015,291.9729046894354,1
2025-03-06 13:05:14.115,90211.93247418404,-1124.1027356361155,0
2025-03-06 13:35:58.000,90295.87200175946,83.93952757542138,1
